,permalink,thumbnail,title
0,/r/weather/comments/cf7cea/hold_onto_your_butts_moderate_risk_for_mn_and_wi/,https://b.thumbs.redditmedia.com/CCyRIln2uvsaV7nm81CvqzK_ca0FLK38WfCkbWSyhUM.jpg,Hold onto your butts - MODERATE RISK for MN and WI. Be EXTRA careful out there!
1,/r/weather/comments/cfnl8i/kelvinhelmholtz_clouds_form_above_portland_or/,https://b.thumbs.redditmedia.com/jp-CTc7EQgvkMzX6nWXWuPHXj9vF9C3f4SFwuLQj5pU.jpg,"Kelvin-Helmholtz clouds form above Portland, OR"
2,/r/weather/comments/cfp2bj/pretty_dark_for_1pm_milwaukee/,https://b.thumbs.redditmedia.com/qUz0ak_kO1-jeOORf7SWAyaFXXJiBvfK9c8ckMnBaVU.jpg,Pretty dark for 1pm (Milwaukee)
3,/r/weather/comments/cfpmb3/my_first_day_in_florida/,https://a.thumbs.redditmedia.com/kkSEVJikkbHLyVgurNnqUarzkk8nV9HDJ-7tdd3WD44.jpg,My first day in Florida...
4,/r/weather/comments/cfs2eo/braintree_mass_police_ask_criminals_to_refrain/,https://b.thumbs.redditmedia.com/TTyJ1iQ6HPoz4NQDj4oGUhQdQqMkKAboqwDS9KjghVo.jpg,"Braintree, Mass. Police Ask Criminals to Refrain From Crime Until Monday"
5,/r/weather/comments/cfhtex/taken_on_my_phone_livingston_county_michigan/,https://b.thumbs.redditmedia.com/z40jk34opNs8pQ4S9W5QfYy3msCYLEggG1rB2BwIZsE.jpg,"Taken on my phone. Livingston County, Michigan"
6,/r/weather/comments/cfmqqi/panorama_from_nw_iowa_this_morning_moved_in_fast/,https://b.thumbs.redditmedia.com/-p2XNbJ5eMOCWQ6epYePpyYWAg-GhZI-DOr8N1X-mwY.jpg,Panorama from NW Iowa this morning. Moved in FAST.
7,/r/weather/comments/cfr08z/caused_by_last_nights_derecho_kalamazoo_mi_round/,https://b.thumbs.redditmedia.com/6dUtZaGUX9CkcXwIJpfbR3Ugsago2GB_r5UBXOu8s1s.jpg,"Caused by last night's derecho; Kalamazoo, MI - Round 2 rolling through now"
8,/r/weather/comments/cfp4yj/beautiful_storm_coming_into_lexington_nc/,https://b.thumbs.redditmedia.com/xf6haPolefcGRl6NLkFuDffnFFwKrBaeFyGSZIyhbgc.jpg,"Beautiful storm coming into Lexington, NC!"
9,/r/weather/comments/cfqu21/coming_in_over_milwaukee_wi_just_now_1600_cst/,https://b.thumbs.redditmedia.com/OhuzA9wlI0bRPYI1uZqenUUxrnTrDRjR7Slh7cj06tc.jpg,"Coming in over Milwaukee, WI just now. (16:00 CST)"
